﻿{
  "Class1": {
    "Name": "Farmer",
    "Description": "Farmers are masters of the land.  They can produce finer crops, find better forage, and produce better animal products.",
    "ModHP": -25,
    "ModStam": 50,
    "FarmingSkill": 3,
    "ForageSkill": 3,
    "FishingSkill": -3,
    "MiningSkill": -3,
    "CombatSkill": 0,
    "AddFarmingLevel": 3,
    "AddForagingLevel": 2,
    "AddFishingLevel": 0,
    "AddMiningLevel": 0,
    "AddCombatLevel": 0
  },
  "Class2": {
    "Name": "Angler",
    "Description": "Anglers have an affinity of fishing.  They tend to catch better fish sooner and rare fish easier.",
    "ModHP": -50,
    "ModStam": 75,
    "FarmingSkill": -3,
    "ForageSkill": 1,
    "FishingSkill": 4,
    "MiningSkill": -3,
    "CombatSkill": -1,
    "AddFarmingLevel": 0,
    "AddForagingLevel": 0,
    "AddFishingLevel": 3,
    "AddMiningLevel": 0,
    "AddCombatLevel": 0
  },
  "Class3": {
    "Name": "Miner",
    "Description": "Miners are tough prospectors, hardened for work in the mines.",
    "ModHP": 50,
    "ModStam": 50,
    "FarmingSkill": -5,
    "ForageSkill": -5,
    "FishingSkill": -5,
    "MiningSkill": 3,
    "CombatSkill": 3,
    "AddFarmingLevel": 0,
    "AddForagingLevel": 0,
    "AddFishingLevel": 0,
    "AddMiningLevel": 3,
    "AddCombatLevel": 3
  },
  "Class4": {
    "Name": "Combat Specialist",
    "Description": "Fighter types who work to protect others.  Also accomplished survivalists.",
    "ModHP": 100,
    "ModStam": -50,
    "FarmingSkill": -3,
    "ForageSkill": 4,
    "FishingSkill": -4,
    "MiningSkill": "-3",
    "CombatSkill": "4",
    "AddFarmingLevel": "0",
    "AddForagingLevel": "1",
    "AddFishingLevel": "0",
    "AddMiningLevel": "0",
    "AddCombatLevel": "3"
  }
}